package,fun,cograph,note
igraph,degree,degree,
igraph,strength,strength,
igraph,closeness,closeness,
igraph,harmonic_centrality,harmonic,
igraph,betweenness,betweenness,
igraph,eigen_centrality,eigenvector,
igraph,page_rank,pagerank,
igraph,hub_score,hub,
igraph,authority_score,authority,
igraph,coreness,coreness,
igraph,constraint,constraint,
igraph,eccentricity,eccentricity,
igraph,subgraph_centrality,subgraph,
igraph,alpha_centrality,alpha,
igraph,power_centrality,power,
igraph,diversity,diversity,
igraph,transitivity,transitivity,
igraph,knn,neighborhood_connectivity,
sna,degree,degree,
sna,closeness,closeness,
sna,betweenness,betweenness,
sna,evcent,eigenvector,
sna,stresscent,stress,
sna,flowbet,flow_betweenness,
sna,infocent,information,
sna,gilschmidt,gilschmidt,
sna,prestige,prestige_domain,
sna,brokerage,brokerage_coordinator,
centiserve,averagedis,average_distance,
centiserve,barycenter,barycenter,
centiserve,bottleneck,bottleneck,
centiserve,centroid,centroid,
centiserve,closeness.currentflow,current_flow_closeness,
centiserve,closeness.freeman,closeness,
centiserve,closeness.residual,residual_closeness,
centiserve,closeness.vitality,closeness_vitality,
centiserve,clusterrank,clusterrank,
centiserve,crossclique,cross_clique,
centiserve,decay,decay,
centiserve,diffusion.degree,diffusion,
centiserve,dmnc,dmnc,
centiserve,entropy,entropy,
centiserve,geokpath,geodesic_kpath,
centiserve,hubbell,hubbell,
centiserve,katzcent,katz,
centiserve,laplacian,laplacian,
centiserve,leaderrank,leaderrank,
centiserve,leverage,leverage,
centiserve,lincent,lin,
centiserve,lobby,lobby,
centiserve,markovcent,markov,
centiserve,mnc,mnc,
centiserve,pairwisedis,pairwisedis,
centiserve,radiality,radiality,
centiserve,salsa,salsa,
centiserve,semilocal,semilocal,
centiserve,topocoefficient,topological_coefficient,
brainGraph,centr_lev,leverage,
brainGraph,gateway_coeff,gateway,
brainGraph,within_module_deg_z_score,within_module_z,
brainGraph,centr_betw_comm,communicability_betweenness,
influenceR,betweenness,betweenness,
influenceR,bridging,bridging,
influenceR,constraint,constraint,
influenceR,ens,effective_size,
keyplayer,mreach.degree,kreach,
keyplayer,diffusion,diffusion,
tidygraph,centrality_degree,degree,
tidygraph,centrality_closeness,closeness,
tidygraph,centrality_closeness_harmonic,harmonic,
tidygraph,centrality_closeness_residual,residual_closeness,
tidygraph,centrality_closeness_generalised,generalized_closeness,
tidygraph,centrality_betweenness,betweenness,
tidygraph,centrality_betweenness_current,current_flow_betweenness,
tidygraph,centrality_betweenness_communicability,communicability_betweenness,
tidygraph,centrality_eigen,eigenvector,
tidygraph,centrality_pagerank,pagerank,
tidygraph,centrality_hub,hub,
tidygraph,centrality_authority,authority,
tidygraph,centrality_katz,katz,
tidygraph,centrality_alpha,alpha,
tidygraph,centrality_power,power,
tidygraph,centrality_subgraph,subgraph,
tidygraph,centrality_communicability,communicability,
tidygraph,centrality_information,information,
tidygraph,centrality_integration,integration,
tidygraph,centrality_expected,expected,
tidygraph,centrality_decay,decay,
tidygraph,centrality_random_walk,random_walk,
tidygraph,node_constraint,constraint,
tidygraph,node_coreness,coreness,
tidygraph,node_eccentricity,eccentricity,
CINNA,Average Distance,average_distance,
CINNA,Barycenter Centrality,barycenter,
CINNA,BottleNeck Centrality,bottleneck,
CINNA,Centroid value,centroid,
CINNA,Closeness Centrality (Freeman),closeness,
CINNA,ClusterRank,clusterrank,
CINNA,Decay Centrality,decay,
CINNA,Degree Centrality,degree,
CINNA,Diffusion Degree,diffusion,
CINNA,DMNC - Density of Maximum Neighborhood Component,dmnc,
CINNA,Eccentricity Centrality,eccentricity,
CINNA,Harary Centrality,harary,
CINNA,eigenvector centralities,eigenvector,
CINNA,K-core Decomposition,coreness,
CINNA,Geodesic K-Path Centrality,geodesic_kpath,
CINNA,Katz Centrality (Katz Status Index),katz,
CINNA,Kleinberg's authority centrality scores,authority,
CINNA,Kleinberg's hub centrality scores,hub,
CINNA,clustering coefficient,transitivity,
CINNA,Lin Centrality,lin,
CINNA,Lobby Index (Centrality),lobby,
CINNA,Markov Centrality,markov,
CINNA,Radiality Centrality,radiality,
CINNA,Shortest-Paths Betweenness Centrality,betweenness,
CINNA,Current-Flow Closeness Centrality,current_flow_closeness,
CINNA,Communicability Betweenness Centrality,communicability_betweenness,
CINNA,Cross-Clique Connectivity,cross_clique,
CINNA,Entropy Centrality,entropy,
CINNA,Laplacian Centrality,laplacian,
CINNA,Leverage Centrality,leverage,
CINNA,MNC - Maximum Neighborhood Component,mnc,
CINNA,Hubbell Index,hubbell,
CINNA,Semi Local Centrality,semilocal,
CINNA,Closeness Vitality,closeness_vitality,
CINNA,Residual Closeness Centrality,residual_closeness,
CINNA,Stress Centrality,stress,
CINNA,Load Centrality,load,
CINNA,Flow Betweenness Centrality,flow_betweenness,
CINNA,Information Centrality,information,
CINNA,Dangalchev Closeness Centrality,dangalchev,
CINNA,Harmonic Centrality,harmonic,
CINNA,Local Bridging Centrality,local_bridging,
CINNA,Wiener Index Centrality,wiener,
CINNA,subgraph centrality scores,subgraph,
CINNA,Topological Coefficient,topological_coefficient,
networkx,degree_centrality,degree,
networkx,closeness_centrality,closeness,
networkx,harmonic_centrality,harmonic,
networkx,betweenness_centrality,betweenness,
networkx,load_centrality,load,
networkx,eigenvector_centrality,eigenvector,
networkx,katz_centrality,katz,
networkx,pagerank,pagerank,
networkx,hits,hub,
networkx,core_number,coreness,
networkx,subgraph_centrality,subgraph,
networkx,communicability_betweenness_centrality,communicability_betweenness,
networkx,current_flow_closeness_centrality,current_flow_closeness,
networkx,current_flow_betweenness_centrality,current_flow_betweenness,
networkx,second_order_centrality,second_order,
networkx,percolation_centrality,percolation,
networkx,laplacian_centrality,laplacian,
networkx,trophic_levels,trophic_level,
networkx,constraint,constraint,
networkx,effective_size,effective_size,
networkx,voterank,voterank,
networkx,local_reaching_centrality,reaching_local,
networkx,average_neighbor_degree,neighborhood_connectivity,
networkx,onion_layers,onion,
networkx,clustering,transitivity,
networkx,eccentricity,eccentricity,
centiserve,communibet,communicability_betweenness,Estrada's communicability betweenness; identical to cograph's to 1e-14
centiserve,communitycent,-,"link-community centrality (Kalinka & Tomancak 2011); not implemented, its reference package linkcomm is archived so no equivalence check is possible"
centiserve,epc,epc,
centiserve,closeness.latora,harmonic,efficiency closeness; identical to cograph's harmonic centrality
CINNA,Community Centrality,-,"link-community centrality; not implemented, see centiserve communitycent"
CINNA,Group Centrality,-,cograph has group_centrality() as a set-level verb, not a node measure
CINNA,EPC - Edge Percolated Component,epc,
CINNA,Closeness centrality (Latora),harmonic,identical to cograph's harmonic centrality
networkx,dispersion,-,cograph has dispersion() as a pair-level verb
networkx,estrada_index,-,cograph has estrada_index() as a graph-level verb
networkx,group_betweenness_centrality,-,cograph has group_centrality() as a set-level verb
networkx,global_reaching_centrality,-,cograph has reaching_global() as a graph-level verb
brainGraph,s_core,s_core,cograph reports the strength threshold (Eidsaa & Almaas eq. 1); brainGraph reports the peeling round and short-circuits to coreness when unweighted
brainGraph,vulnerability,-,cograph has vulnerability() as a separate verb
brainGraph,efficiency,local_efficiency,nodal efficiency equals harmonic centrality over n-1; local efficiency is the new local_efficiency measure
sna,kpath.census,kpath,
keyplayer,fragment,fragmentation,node-level distance-weighted fragmentation; keyplayer also scores a given set
keyplayer,kpset,-,greedy key-player set selection; cograph evaluates a given set with group_centrality() but does not search for one
