"zoo_label","tau","nearest_zoo","nearest_cograph"
"Immediate Effects Centrality (IEC)",0.998,"Markov","markov"
"Improved neighbors’ k-core (INK)",0.995,"Local H-index","local_hindex"
"Length-scaled betweenness",0.991,"Betweenness","betweenness"
"Exogenous centrality",0.991,"Distance-weighted fragmentation","fragmentation"
"Hybrid degree centrality",0.991,"Hubbel","hubbell"
"Support",0.99,"MNC","mnc"
"delta-closeness",0.989,"Closeness","closeness"
"Godfather index",0.988,"Effective size","effective_size"
"Relative entropy",0.988,"Bridging centrality","bridging"
"Egocentric betweenness",0.987,"Effective size","effective_size"
"delta-betweenness",0.986,"Betweenness","betweenness"
"k-path",0.986,"Diffusion Degree","diffusion"
"ControlRank",0.986,"Second order centrality","second_order"
"Dynamical importance",0.984,"Eigenvector","eigenvector"
"Average shortest path centrality (AC)",0.984,"Closeness vitality","closeness_vitality"
"Proximal betwenness",0.983,"Bridging centrality","bridging"
"Dynamics-sensitive (DS) centrality",0.983,"Infection number","infection"
"Mixed Degree Decomposition (MDD)",0.982,"Degree","degree"
"Expected force (ExFm)",0.982,"Hubbel","hubbell"
"Extended improved k-shell hybrid (EIKH)",0.981,"Infection number","infection"
"Mapping entropy (ME)",0.981,"Hubbel","hubbell"
"Gravity model",0.98,"Hubbel","hubbell"
"Extended LBC",0.979,"Bridging centrality","bridging"
"Extended k-shell hybrid method",0.979,"Infection number","infection"
"Neighbor distance centrality",0.979,"Laplacian","laplacian"
"Clustering degree algorithm (CDA)",0.978,"Diffusion Degree","diffusion"
"Diffusion centrality",0.977,"Infection number","infection"
"k-betweenness",0.976,"Betweenness","betweenness"
"SpectralRank",0.976,"Infection number","infection"
"Weight degree centrality (Wdc)",0.975,"Diffusion Degree","diffusion"
"Bridging capital",0.973,"Infection number","infection"
"Laplacian gravity centrality (LGC)",0.973,"Diffusion Degree","diffusion"
"Local gravity model",0.972,"Hubbel","hubbell"
"Graph regularization centrality (GRC)",0.972,"Hubbel","hubbell"
"Influence capability (IC)",0.972,"h-index strength","hindex_strength"
"Weighted gravity model (WGravity)",0.972,"Infection number","infection"
"Improved iterative resource allocation (IIRA)",0.972,"Random walk centrality","random_walk"
"Node and Neighbor Layer Information (NINL) centrality",0.972,"Total communicability","communicability"
"Extended H-index centrality (EHC)",0.972,"h-index strength","hindex_strength"
"Extended Cluster Coefficient Ranking Measure (ECRM)",0.971,"Total communicability","communicability"
"Mixed core, degree and entropy (MCDE)",0.971,"Degree","degree"
"Weighted k-shell degree neighborhood (Maji)",0.97,"Hubbel","hubbell"
"LineRank",0.969,"Laplacian","laplacian"
"Improved global structure model (IGSM)",0.969,"Diffusion Degree","diffusion"
"Mixed core, degree and weighted entropy (MCDWE)",0.969,"Degree","degree"
"Extended neighborhood coreness",0.967,"Total communicability","communicability"
"Extended weight degree centrality (EWdc)",0.966,"Total communicability","communicability"
"Shell clustering coefficient",0.965,"Hubbel","hubbell"
"Weight neighborhood centrality",0.964,"Hubbel","hubbell"
"Mixed core, semi-local degree and entropy (MCSDE)",0.964,"Diffusion Degree","diffusion"
"Mixed core, semi-local degree and weighted entropy (MCSDWE)",0.964,"Diffusion Degree","diffusion"
"LocalRank",0.963,"Diffusion Degree","diffusion"
"Entropy-Based Ranking Measure (ERM)",0.963,"h-index strength","hindex_strength"
"Multi-characteristics gravity model (MCGM)",0.963,"Infection number","infection"
"Neighborhood core diversity centrality (Cncd)",0.963,"Subgraph","subgraph"
"Weighted k-shell degree neighborhood (Wksd)",0.961,"Gravity centrality","gravity"
"VMM algorithm",0.961,"Degree","degree"
"wkpath",0.96,"Infection number","infection"
"Improved k-shell hybrid (IKH)",0.96,"Diffusion Degree","diffusion"
"Modified Local Centrality (MLC)",0.96,"Diffusion Degree","diffusion"
"Extended RMD-weighted degree (EWD)",0.96,"Total communicability","communicability"
"DK-based gravity model (DKGM)",0.96,"Hubbel","hubbell"
"Local neighbor contribution (LNC)",0.959,"Infection number","infection"
"Mapping Entropy Betweenness (MEB)",0.959,"Bridging centrality","bridging"
"Lhc method",0.959,"Infection number","infection"
"KED",0.958,"CollInf","collective_influence"
"Weighted LeaderRank",0.957,"Hubbel","hubbell"
"Density centrality",0.957,"Hubbel","hubbell"
"RMD-weighted degree (WD)",0.956,"Local H-index","local_hindex"
"Adaptive LeaderRank",0.955,"Infection number","infection"
"Mixed gravitational centrality",0.955,"Gravity centrality","gravity"
"k-shell hybrid method",0.955,"Laplacian","laplacian"
"Hierarchical k-shell (HKS)",0.955,"Eigenvector","eigenvector"
"Global and Local Structure(GLS)",0.955,"Laplacian","laplacian"
"Extended gravity centrality",0.954,"Total communicability","communicability"
"Extended hybrid characteristic centrality (EHCC)",0.954,"Infection number","infection"
"PhysarumSpreader",0.953,"Leverage","leverage"
"k-shell based on gravity centrality (KSGC)",0.953,"Hubbel","hubbell"
"Node importance evaluation matrix (NIEM) method",0.953,"Diffusion Degree","diffusion"
"Classified neighbors centrality",0.953,"Degree","degree"
"CON score",0.952,"Local entropy (LE)","local_entropy"
"BG-index",0.952,"Leverage","leverage"
"Bridging coefficient",0.952,"Leverage","leverage"
"beta-measure",0.952,"Leverage","leverage"
"INF centrality",0.952,"Leverage","leverage"
"Counting Betweenness",0.951,"Degree","degree"
"Neighborhood centrality",0.951,"Gravity centrality","gravity"
"Coleman-Theil disorder index",0.95,"Degree","degree"
"ArticleRank",0.949,"PageRank","pagerank"
"Global importance of nodes (GIN)",0.949,"Laplacian","laplacian"
"Extended diversity-strength ranking (EDSR)",0.949,"h-index strength","hindex_strength"
"Icentr",0.948,"Diffusion Degree","diffusion"
"Improved entropy-based centrality",0.948,"CollInf","collective_influence"
"Extended mixed gravitational centrality",0.947,"h-index strength","hindex_strength"
"k-shell iteration factor(KS-IF)",0.947,"Total communicability","communicability"
"Mediative Effects Centrality (MEC)",0.946,"Communicability betweenness","communicability_betweenness"
"Multi-evidence centrality (MeC)",0.946,"Communicability betweenness","communicability_betweenness"
"Map Equation Centrality (MEC)",0.946,"Degree","degree"
"Resistance curvature",0.946,"Spanning tree centrality (STC)","spanning_tree"
"ProfitLeader",0.945,"MNC","mnc"
"Volume centrality",0.945,"m-reach","kreach"
"Global Structure Model (GSM)",0.944,"Gravity centrality","gravity"
"Weighted TOPSIS",0.944,"Harmonic","harmonic"
"NL centrality",0.943,"Current-flow Closeness","current_flow_closeness"
"Random walk decay",0.941,"PageRank","pagerank"
"TOPSIS-RE",0.941,"Betweenness","betweenness"
"Weighted formal concept analysis (WFCA)",0.94,"Degree","degree"
"Correlation centrality",0.94,"Infection number","infection"
"Random walk-based gravity (DFS-Gravity)",0.94,"Laplacian","laplacian"
"Improved K-shell decomposition (IKSD)",0.94,"Lobby index","lobby"
"All-around score",0.939,"Degree","degree"
"Entropy and mutual information-based centrality (EMI)",0.939,"Degree","degree"
"X-nonbacktracking centrality",0.938,"Subgraph","subgraph"
"μ-Power Community Index (μ-PCI)",0.937,"Lobby index","lobby"
"KDEC method",0.937,"Gravity centrality","gravity"
"MCC",0.935,"Degree","degree"
"Local structural centrality (LSC)",0.935,"Markov","markov"
"Analytic Hierarchy Process (AHP) centrality",0.935,"Harmonic","harmonic"
"Hybrid Characteristic Centrality (HCC)",0.935,"Diffusion Degree","diffusion"
"Iterative resource allocation (IRA)",0.934,"Local H-index","local_hindex"
"Global and local information (GLI) method",0.933,"Diffusion Degree","diffusion"
"Eigentrust",0.932,"Degree","degree"
"Seeley’s index",0.932,"Degree","degree"
"X-degree centrality",0.931,"Diffusion Degree","diffusion"
"Diversity-strength ranking (DSR)",0.931,"Infection number","infection"
"Node importance contribution correlation matrix (NICCM) method",0.931,"Random walk centrality","random_walk"
"Entropy-based gravity model",0.929,"Communicability betweenness","communicability_betweenness"
"LRIC (PPR)",0.928,"Degree","degree"
"Hybrid Global Structure Model (H-GSM)",0.928,"Laplacian","laplacian"
"Degree and Importance of Lines (DIL)",0.928,"Degree","degree"
"Degree and clustering coefficient (DCC)",0.928,"Diffusion Degree","diffusion"
"Normalized local centrality (NLC)",0.926,"Markov","markov"
"Spreading probability (SP)",0.925,"Infection number","infection"
"Malatya centrality",0.924,"Leverage","leverage"
"k-truss number",0.922,"k-shell","coreness"
"RCFB centrality",0.921,"Current-flow betweenness","current_flow_betweenness"
"All cycle betweenness (ACC)",0.92,"Cross-Clique Connectivity","cross_clique"
"Edge-disjoint k-path",0.919,"Markov","markov"
"Trust-PageRank",0.919,"Degree","degree"
"Semi-local iterative algorithm (semi-IA)",0.916,"Diffusion Degree","diffusion"
"Effective gravity model (EGM)",0.916,"Hubbel","hubbell"
"TOPSIS",0.914,"Distance-weighted fragmentation","fragmentation"
"Diversity-strength centrality (DSC)",0.914,"Degree","degree"
"DST",0.913,"Spanning tree centrality (STC)","spanning_tree"
"Path-transfer centrality",0.913,"Markov","markov"
"Probabilistic-jumping Random Walk (PJRW)",0.913,"Degree","degree"
"Randomized shortest paths (RSP) betweenness",0.912,"PageRank","pagerank"
"New evidential centrality (NEC)",0.911,"Degree","degree"
"NWRank",0.91,"Communicability betweenness","communicability_betweenness"
"Hybrid centrality (HC)",0.909,"Harmonic","harmonic"
"Vertex-disjoint k-path",0.907,"Random walk centrality","random_walk"
"M-centrality",0.907,"Hubbel","hubbell"
"Synthesize centrality (SC)",0.905,"Degree","degree"
"Meta-centrality",0.905,"Hubbel","hubbell"
"Biased random walk centrality",0.903,"Degree","degree"
"LRIC (max)",0.902,"Degree","degree"
"Inward accessibility",0.902,"Communicability betweenness","communicability_betweenness"
"Edge clustering coefficient centrality (NC)",0.902,"Cross-Clique Connectivity","cross_clique"
"Improved closeness centrality (ICC)",0.902,"Closeness","closeness"
"Transportation centrality",0.9,"Degree","degree"
